{
    "standards": {
        "ratio_range": [
            0.01,
            0.283
        ],
        "switch_limit": 0.215,
        "dist_threshold": 0.6557,
        "golden_vector": [
            -0.11641766130924225,
            -0.001552453963086009,
            -0.09214037656784058,
            -0.0724152997136116,
            -0.07483366876840591,
            0.0032714875414967537,
            -0.059346720576286316,
            0.024588869884610176,
            0.004173209425061941,
            -0.024608798325061798,
            0.08079348504543304,
            0.07525046169757843,
            0.10819485783576965,
            -0.0176608357578516,
            -0.0514054149389267,
            -0.02057790197432041,
            0.022369835525751114,
            0.0557047501206398,
            -0.08369234949350357,
            -0.04376915842294693,
            0.03794945403933525,
            -0.12110543996095657,
            0.06947425752878189,
            0.0036321552470326424,
            -0.025395868346095085,
            0.053119201213121414,
            -0.036129869520664215,
            -0.06807862222194672,
            0.06990969181060791,
            -0.18025672435760498,
            0.026361599564552307,
            0.12658554315567017,
            0.09160681813955307,
            -0.031639743596315384,
            -0.16115699708461761,
            0.05058744177222252,
            -0.11041721701622009,
            0.09624285995960236,
            -0.07967545092105865,
            -0.04033037647604942,
            -0.08387687802314758,
            0.08569802343845367,
            0.045366320759058,
            0.04366610571742058,
            0.03860807046294212,
            -0.05710775777697563,
            -0.12376139312982559,
            -0.050002846866846085,
            -0.22836865484714508,
            -0.14062418043613434,
            -0.08045518398284912,
            -0.09381799399852753,
            -0.044719867408275604,
            -0.0006365789449773729,
            0.07641883194446564,
            0.087704136967659,
            0.08917257189750671,
            0.004026617389172316,
            -0.12629392743110657,
            -0.03950033336877823,
            0.022321021184325218,
            -0.04498174414038658,
            -0.03491013124585152,
            0.05487016215920448,
            0.17399775981903076,
            0.034239187836647034,
            0.08368198573589325,
            -0.0019160100491717458,
            0.042595867067575455,
            0.14884325861930847,
            -0.16832005977630615,
            -0.045366477221250534,
            -0.037004489451646805,
            -0.034048646688461304,
            0.1020573079586029,
            0.1214771419763565,
            -0.04697798192501068,
            -0.0017257296713069081,
            0.17994995415210724,
            -0.07307321578264236,
            0.15641407668590546,
            0.030197493731975555,
            -0.014742877334356308,
            0.057080723345279694,
            -0.003209392074495554,
            0.06484932452440262,
            0.014878799207508564,
            -0.050981029868125916,
            -0.055948786437511444,
            -0.05226609855890274,
            0.09202204644680023,
            -0.05777473375201225,
            -0.01121616829186678,
            0.05628438666462898,
            0.007519598118960857,
            -0.005530288442969322,
            -0.03872702643275261,
            -0.0772908478975296,
            0.09861937165260315,
            0.22418850660324097,
            -0.12226733565330505,
            -0.01721784844994545,
            -0.13680194318294525,
            -0.09130560606718063,
            0.06649871915578842,
            -0.09724199026823044,
            0.02185957133769989,
            -0.08061902225017548,
            -0.026178518310189247,
            -0.02231021225452423,
            0.05530533939599991,
            0.023724574595689774,
            0.05991394445300102,
            0.026319924741983414,
            0.05379059910774231,
            -0.051008716225624084,
            -0.03456515073776245,
            0.015316532924771309,
            0.1358882337808609,
            0.09377454966306686,
            -0.008701558224856853,
            -0.101236991584301,
            0.08787645399570465,
            0.017225150018930435,
            0.1412387192249298,
            -0.1826273500919342,
            -0.13848572969436646,
            -0.0490301139652729,
            -0.002080249134451151,
            -0.15081021189689636,
            0.14373725652694702,
            -0.050885796546936035,
            0.01985352858901024,
            0.058698318898677826,
            0.0004504933604039252,
            -0.06944753229618073,
            0.08389890193939209,
            -0.009271836839616299,
            -0.07367110252380371,
            0.15597538650035858,
            -0.018452679738402367,
            0.3241916298866272,
            0.1698470413684845,
            0.13816826045513153,
            -0.10109040141105652,
            0.20518264174461365,
            -0.05570317804813385,
            -0.11152859032154083,
            0.09814170747995377,
            -0.04208220914006233,
            0.05251046270132065,
            -0.07234729826450348,
            0.08767110109329224,
            -0.02749132737517357,
            0.025957521051168442,
            0.05732227489352226,
            -0.047098591923713684,
            -0.02015175297856331,
            -0.14667977392673492,
            0.020687617361545563,
            -0.12666909396648407,
            0.09152679890394211,
            0.0364454947412014,
            -0.018148377537727356,
            0.03745388239622116,
            0.014705848880112171,
            0.0785437524318695,
            -0.07240807265043259,
            0.10588418692350388,
            0.09536715596914291,
            0.11002684384584427,
            -0.14340725541114807,
            -0.08152536302804947,
            -0.10920543968677521,
            0.054970741271972656,
            -0.039803724735975266,
            -0.2044164389371872,
            0.027426648885011673,
            0.02904689311981201,
            -0.05373962223529816,
            0.07846973836421967,
            -0.07998813688755035,
            0.06663845479488373,
            0.011280753649771214,
            -0.08316559344530106,
            -0.02105758525431156,
            0.013472137972712517,
            0.04320869967341423,
            -0.14120376110076904,
            0.10241144150495529,
            -0.09041162580251694,
            -0.023257067427039146,
            0.11869089305400848,
            0.12257310003042221,
            -0.13621696829795837,
            -0.1607474535703659,
            0.24093610048294067,
            0.08359971642494202,
            -0.07838161289691925,
            -0.040173567831516266,
            -0.22495661675930023,
            0.021921033039689064,
            -0.12941332161426544,
            -0.12278798967599869,
            -0.1371113359928131,
            -0.05794054642319679,
            -0.011559221893548965,
            -0.04907827824354172,
            -0.03097623400390148,
            0.14901962876319885,
            -0.15244729816913605,
            -0.03357338532805443,
            -0.09122899919748306,
            -0.04970449581742287,
            0.0721576064825058,
            -0.0473400317132473,
            -0.1644746959209442,
            0.03400014340877533,
            -0.06714565306901932,
            0.052719369530677795,
            0.05516286939382553,
            -0.012925589457154274,
            0.05054768919944763,
            -0.22231312096118927,
